,city,cuisines,longitude,latitude,priceRangeMin,priceRangeMax,websites
0,Albany,"Thai,Asian/Pacific,Vegetarian",-122.29701299999999,37.885131,0.0,0.0,https://www.potala.us/
5,San Diego,"Vegetarian,Indian",-117.07858999999999,33.012662,25.0,40.0,https://passagetoindiasd.com
37,New York,"Smoothies and Juices,Vegetarian,Healthy",-73.979105,40.785469,0.0,0.0,https://www.greenforcejuice.com
76,New York,"Local/Organic,Vegan Restaurants,Smoothies and Juices,Vegetarian,Healthy",-74.00171,40.740559999999995,0.0,25.0,https://liquiteria.com
386,Houston,"Seafood,Italian,Vegetarian,Deli and Sandwich",-95.460856,29.744809000000004,25.0,40.0,https://www.maggianos.com/locations/
477,Brooklyn,"Sushi,Kosher,Vegan",-73.95796999999999,40.61801,0.0,0.0,
558,Brooklyn,"Desserts,Bakery and Pastries,Vegan",-73.95958900000001,40.687556,0.0,0.0,
570,New York,"American (New),Vegetarian,Coffee and Tea,Health Food,Vegan",-73.98677099999999,40.729012,0.0,25.0,https://www.mudnyc.com
773,New York,"Vegetarian,Coffee and Tea,Bakery,Desserts,Bakery and Pastries,Vegan",-73.984727,40.729436,25.0,40.0,https://tu-lusbakery.com
783,Brooklyn,"Local/Organic,Vegetarian,Coffee and Tea,Healthy,Vegan",-73.972179,40.689791,0.0,0.0,https://www.smoochorganic.com
820,Brooklyn,"Vegetarian,Indian",-73.99218,40.699664,0.0,30.0,https://www.asyany.com/
879,New York,"Vegetarian,Indian",-73.982421,40.742497,25.0,40.0,https://www.chotenawabnyc.com
916,New York,"Vegetarian,Dim Sum,Chinese",-73.998173,40.715022,0.0,25.0,https://vegetariandimsumnyc.com
1181,Brooklyn,"Vegetarian,Indian",-73.974711,40.6761,0.0,0.0,
1215,Brooklyn,"Vegetarian,Coffee and Tea",-73.933909,40.695939,0.0,0.0,
1294,New York,"Vegetarian,Indian",-74.001087,40.72948,0.0,0.0,https://www.masalamac.com/
1322,Brooklyn,"Vegetarian,Sandwiches",-73.962198,40.716353000000005,0.0,25.0,
1336,New York,"Vegetarian,Greek",-73.964381,40.805628999999996,0.0,0.0,https://www.geocities.com/symposiumrestaurant/
1367,New York,"Vegetarian,Indian",-73.98660100000001,40.726323,0.0,25.0,https://milonny.com
1396,New York,"Southeast Asian,Vegetarian,Korean",-73.986576,40.747271999999995,40.0,55.0,https://hangawirestaurant.com
1542,New York,"Vegetarian,Thai",-73.99495300000001,40.744126,0.0,0.0,https://www.pongsri.com
1548,New York,"Vegetarian,Salads",-73.981746,40.777514000000004,0.0,0.0,
1576,Brooklyn,"Vegetarian,Chinese",-73.963581,40.634074,0.0,0.0,
1577,Brooklyn,"Vegetarian,Kosher,Sandwiches,Kosher, Vegetarian-Friendly, Sandwiches",-73.983328,40.633545,7.0,12.0,
1593,Brooklyn,"British (Modern),Vegetarian",-73.929092,40.702908,0.0,0.0,
1603,New York,"Deli Food,Vegetarian,Indian",-73.986428,40.726411,0.0,0.0,
1715,New York,"Vegetarian,Salads",-73.956663,40.766884000000005,0.0,0.0,
1742,New York,"Middle Eastern,Vegetarian",-73.99426700000001,40.755618,0.0,0.0,
1765,New York,"Vegetarian,Indian",-73.995949,40.753468,0.0,0.0,
1831,Brooklyn,"Vegetarian,Indian, Vegetarian-Friendly,Indian",-73.96982,40.689679999999996,12.0,18.0,https://rasoipavilion.com
1851,New York,"Cocktails,Vegetarian,Dim Sum,Chinese",-73.990152,40.758342999999996,40.0,55.0,https://www.hakkasan.com/newyork/
2226,New York,"Vegetarian,Indian",-73.977937,40.783649,0.0,0.0,
2281,New York,"Pizza,Middle Eastern,Lebanese,Vegetarian",-73.983001,40.73025,0.0,0.0,https://www.baladerestaurants.com/
2404,New York,"Vegetarian,Thai",-73.99986700000001,40.716338,0.0,0.0,https://www.pongsri.net
2406,New York,"Middle Eastern,Vegetarian",-73.985442,40.727835999999996,0.0,0.0,https://caferakka-nyc.com
2473,New York,"Vegetarian,Korean",-73.986213,40.74712,25.0,40.0,https://mandoobarnyc.com/
2479,New York,"Vegetarian,Indian",-73.98254399999999,40.757872,0.0,0.0,https://www.utsavny.com
2494,Brooklyn,"Vegetarian,Chinese",-74.000703,40.614072,0.0,0.0,
2525,Long Island City,"Local/Organic,Vegetarian,Coffee and Tea,Vegan",-73.94953199999999,40.747986,0.0,0.0,https://www.themillcoffeelic.com
2594,Brooklyn,"Vegetarian,Vietnamese",-74.00936300000001,40.636009,25.0,40.0,
2602,New York,"Vegetarian,Salads",-73.987143,40.761909,0.0,0.0,https://justsalad.com
2624,New York,"Vegetarian,Salads",-73.97584,40.749256,0.0,0.0,
2651,New York,"American (New),Local/Organic,Vegetarian",-74.00175,40.737417,25.0,40.0,https://www.nourishkitchentable.com
2687,New York,"Mexican,Vegetarian",-73.956908,40.776571000000004,40.0,55.0,https://toloachenyc.com/media/toloache.html
2711,New York,"Middle Eastern,Smoothies and Juices,Vegetarian",-73.987932,40.754746999999995,0.0,0.0,
2731,New York,"Local/Organic,Smoothies and Juices,Vegetarian,Healthy,Vegan",-73.975235,40.762868,0.0,0.0,
2752,Brooklyn,"Local/Organic,Smoothies and Juices,Vegetarian,Kosher,Healthy,Vegan",-73.976151,40.68087,25.0,40.0,https://suninbloom.com
2931,Brooklyn,"Vegetarian,Sushi,Kosher,Japanese",-73.96639499999999,40.597484,0.0,0.0,
3050,New York,"Vegetarian,Japanese,Noodles",-73.995352,40.72072,25.0,40.0,https://cocoronandgoemon.com
3100,New York,"Mexican,Vegetarian",-73.982026,40.728276,0.0,0.0,
3109,New York,"Mexican,Vegetarian",-73.987546,40.728124,0.0,0.0,https://sanloco.com/
3130,Brooklyn,"Vegetarian,Sushi,Japanese",-73.96370300000001,40.677572,25.0,40.0,https://genrestaurant.biz
3259,New York,"Vegetarian,Japanese,Healthy",-73.986183,40.718602000000004,0.0,0.0,https://www.soynyc.com
3294,New York,"Vegetarian,Indian",-73.987616,40.726915000000005,40.0,55.0,httpss://malaimarkeeastvillage.com
3333,Brooklyn,"Middle Eastern,Middle Eastern, Vegetarian-Friendly,Vegetarian",-74.020995,40.632868,7.0,12.0,
3338,Astoria,"Middle Eastern,Vegetarian,Sandwiches",-73.914467,40.764755,25.0,40.0,
3348,Brooklyn,"Pizza,Pizza, Kosher, Vegetarian-Friendly,Vegetarian,Kosher",-73.99339,40.63373,7.0,12.0,
3349,Brooklyn,"Pizza,Vegetarian,Kosher",-73.990153,40.637042,0.0,0.0,
3408,Brooklyn,"Vegetarian,African",-73.96309699999999,40.682689,0.0,0.0,
3421,New York,"Vegetarian,Indian",-73.98660100000001,40.726323,0.0,0.0,https://www.panna2.com
3459,New York,"Asian Restaurants,Take Out,Vietnamese Restaurants,Vegetarian,Take Out Restaurants,Vietnamese,Asian,Restaurants,Vegan",-73.986611,40.726478,0.0,0.0,https://lancafenyc.com/
3515,New York,"Vegetarian,Indian",-73.982835,40.742376,25.0,40.0,https://dhabanyc.com/
3569,Brooklyn,"Vegetarian,Eclectic and International,Kosher,Vegan",-73.97949,40.678065999999994,25.0,40.0,https://www.thevspotcafe.com
3640,New York,"French,Vegetarian,Bistro",-74.002619,40.724755,0.0,0.0,https://www.bistrolesamis.com
3723,New York,"French,Vegetarian",-73.975889,40.759623,0.0,0.0,https://www.la-grenouille.com
3739,New York,"Vegetarian,Indian",-73.98666800000001,40.72648,0.0,0.0,https://www.apnamasalacuisine.com
3757,New York,"Italian,Vegetarian",-73.98795,40.737133,0.0,0.0,https://www.floriannyc.com
3768,Jackson Heights,"Vegetarian,Indian,Desserts",-73.89299799999999,40.74902,0.0,0.0,
3840,New York,"Vegetarian,Healthy",-73.982916,40.719994,0.0,0.0,
3843,Brooklyn,"Asian Fusion,Vegan",-73.989956,40.687915000000004,0.0,0.0,
3923,New York,"Vegetarian,Japanese,Noodles",-73.95259399999999,40.781187,25.0,40.0,https://www1.narutoterakawa.com
3969,New York,"Vegetarian,Salads",-74.011626,40.703753999999996,0.0,0.0,
3996,New York,"Vegetarian,Salads",-73.993617,40.731107,0.0,0.0,https://justsalad.com
4028,Brooklyn,"Vegetarian,Salads",-73.97962199999999,40.669487,0.0,0.0,https://justsalad.com
4060,New York,"Pizza,Middle Eastern,Vegetarian,Salads,Kosher",-73.95348800000001,40.782644,0.0,25.0,httpss://sabaspizzanyc.com
4132,New York,"Vegetarian,Salads",-73.955124,40.776886,0.0,0.0,
4152,New York,"Vegetarian,Salads",-73.978701,40.758761,0.0,0.0,https://www.tossed.com/
4187,New York,"Mediterranean,Vegetarian,Coffee and Tea,Kosher",-73.952907,40.782752,0.0,0.0,
4217,New York,"Smoothies and Juices,Vegetarian,Coffee and Tea,Healthy,Vegan",-73.994736,40.720653999999996,25.0,40.0,https://www.thebutchersdaughter.com
4267,New York,"Breakfast and Brunch,Vegetarian,Coffee and Tea,Hungarian,Healthy,Vegan",-73.977012,40.785278000000005,25.0,40.0,https://www.peacefoodcafe.com
4347,New York,"Mexican,Vegetarian",-73.997076,40.7216,0.0,0.0,https://www.mexrad.com/
4367,New York,"Mexican,Middle Eastern,Vegetarian,Turkish",-73.985309,40.727354,0.0,0.0,https://www.mediterraneangrillandtapas.com
4391,New York,"Mexican,Vegetarian",-73.98494699999999,40.728095,0.0,0.0,
4421,Brooklyn,"American (New),New American,Local/Organic,Vegetarian",-73.971618,40.678982,25.0,40.0,https://www.jamesrestaurantny.com
4519,Torrance,"Healthy,Salad,Breakfast and Brunch,American,Soups,Vegetarian Friendly,Vegan Options,Gluten Free Options",-118.35636299999999,33.835769,25.0,40.0,https://www.souplantation.com/
4528,New York,"Health Food,Vegetarian",-73.992312,40.742529,0.0,25.0,https://www.terrinyc.com
4554,San Francisco,"American, Mexican, Vegetarian",-122.44046000000002,37.80032,0.0,0.0,
4580,Los Angeles,Vegetarian,-118.270394,34.081028,0.0,0.0,
4655,Jackson Heights,"Indian,Vegetarian",-73.89237299999999,40.748721999999994,0.0,0.0,
4684,Concord,"Mexican Restaurants,Latin American Restaurants,Vegetarian Restaurants,Vegan Restaurants,Caterers,Restaurants,Mexican,Latin American,Healthy,Vegetarian,Vegan",-71.601809,43.282465,25.0,40.0,https://www.dosamigosburritos.com
4734,Chicago,"Mediterranean,Vegetarian Restaurants",-87.668717,41.98365,0.0,0.0,https://turkishcuisine.net
4754,College Point,"Japanese,Sushi,Vegetarian",-73.836019,40.785790999999996,0.0,0.0,https://www.akiyamasushiny.com
4858,Bellerose,"Indian,Vegetarian",-73.721599,40.742540999999996,0.0,0.0,
4899,Glen Oaks,"Indian,Vegetarian",-73.708897,40.737211,0.0,0.0,
4923,Austin,"Traditional American,Mexican,Vegetarian",-97.750057,30.308317,25.0,40.0,https://www.kerbeylanecafe.com
4973,Phoenix,"Chinese Restaurants,Caterers,Bars,Asian Restaurants,Bar and Grills,Vegan Restaurants,Restaurants,Asian,Healthy,Chinese,Vegetarian,Vegan,Taverns",-112.09154299999999,33.480677,0.0,0.0,https://www.mushugrill.com
4990,Canoga Park,"Indian,Vegetarian",-118.61339199999999,34.201068,25.0,40.0,https://www.delhipalaceindiancuisine.com
5021,San Diego,"Vegetarian,International,Breakfast and Brunch,Vegan,Asian",-117.121473,32.763092,25.0,40.0,https://www.jyotibihanga.com
5078,Tempe,"Thai,Vegetarian",-111.910257,33.347827,0.0,0.0,https://yuphasthaikitchen.com/
5085,Chicago,"Traditional American,Vegan,Breakfast and Brunch,Vegan Options",-87.676736,41.951325,0.0,0.0,https://www.adeliciousvegancafe.com/
5100,Richmond,"Indian,Vegetarian Friendly,Vegan Options,Gluten Free Options,Indian Restaurants",-77.47498,37.566179999999996,0.0,0.0,https://www.lemoncuisineofindia.com
5228,Newport Beach,"New American,Health Food,Vegan,Vegetarian,Greek,Mediterranean,Tapas / Small Plates",-117.86390700000001,33.638462,25.0,40.0,https://www.pitajungle.com/locations/tucson/
5251,Salt Lake City,"Traditional American,Seafood,Vegetarian,Vegetarian Restaurants",-111.89581000000001,40.762734,0.0,0.0,https://www.themetropolitan.com
5261,Encino,"Health Food,Vegetarian",-118.514036,34.161494,40.0,55.0,https://www.coraltreecafe.com
5390,Houston,"Middle Eastern and African,Mediterranean,Health Food,Vegan,Vegetarian",-95.460374,29.689110999999997,25.0,40.0,https://www.fadismeyerland.com/
5429,Hollywood,"Greek,Seafood,Mediterranean,Vegetarian,Mediterranean Restaurants",-80.117549,26.014695,40.0,55.0,https://www.tavernaopa.com
5597,Escondido,"Vegetarian,Californian",-117.063804,33.131871999999994,0.0,0.0,https://www.submarina.com/
5602,Vienna,"Vegetarian,Vegetarian Restaurants",-77.27570300000001,38.892958,0.0,25.0,https://www.crystalsunflower.com
5710,Westmont,"Vegetarian,Indian,Vegetarian Restaurants",-87.975883,41.810579,0.0,0.0,https://www.shreerestaurant.com
5783,Boston,"Indian,Vegetarian",-71.08821400000001,42.348304,0.0,0.0,https://www.bhindibazaar.com/
5805,Pittsburgh,"Barbecue Restaurants,American, Vegetarian",-79.999545,40.441272,0.0,0.0,https://franktuary.com
5820,Chicago,"Mexican,Vegetarian,Breakfast and Brunch,Diners",-87.62260699999999,41.892621000000005,0.0,0.0,https://burritobeach.com
5835,Woodside,"Thai,Vegetarian",-73.915236,40.744326,0.0,0.0,https://www.iamthairestaurant.com
5861,New York,"Vegetarian,Chinese,Dim Sum,Thai",-73.990185,40.717656,0.0,0.0,
5872,Chicago,"Vegetarian,Caterers",-87.664651,41.896114000000004,40.0,55.0,https://www.greenzebrachicago.com
5895,Torrance,Vegetarian,-118.328934,33.791073,25.0,40.0,https://veggiegrill.com
5937,New York,"Indian,Vegetarian",-73.980698,40.755321,0.0,0.0,
5947,San Francisco,"Vegetarian,Hot Dogs",-122.47543200000001,37.763687,25.0,40.0,https://underdogorganic.com
5960,Houston,"Vegetarian,Italian,Pizza",-95.387069,29.734299,25.0,40.0,https://eatatbowl.com
5986,San Diego,"Indian,Vegetarian",-117.16139299999999,32.711371,0.0,25.0,https://api.citygridmedia.com/content/places/v2/click?q=9YKflVKbY9NauPJdMy0B1gS1IhB4xv4EWw0zDoT-UWc_izWF3zs5PKGdfOHubWrvM0QwDCYwbOH2fdLi0dK5xArULcksCCbfR-WWAz9xD1AmGVAQZIom4U3n5R4DuRC8WJCtvJcNItEKoCSfzwapuGnmwGnHDpEGYXGjnN4u8zXqkiimSHFf4_dbqGRbVgNJjGfGKhn-4uclifXa7DPnL6tq43hXD0DpX-8lK-L6wMbe4IxO_Fv3Aw7vFB2MxV0kcZpiKLk09FetuP1MCh1e1HL39Ei4Z9znsVBpZ8rAauhqX_WNbYAOJ8Qn9D5fZaHugxn7MAl2DjX1ewjog2hmjjJKf880WWosBZhFDC9Rjwhg94HmNvZasfznW7xiZ7MVeOkVFDFpeNAcYbs0d4L9ooVfHhEvqWVt_r9ywPGp31XDhSFGxR2Rdnkk6cg9KbxdB2wquyhpStEWyAvs_cGNweHOAO4heMkyMq4E0vjXI9zzSbF7MWKgQtsmebTOymxLROcghObXIcOsfCIa8VyXjTHwvfKdivuRqHVVnKJo_w4&placement=listing_profile&cs_user=unknown&cs_session=8f7c2592e67ba48fc6a57eed895676fa6ca1bbdd
6021,Santa Fe,"Seafood,Vegetarian,Greek,Indian",-105.98296299999998,35.660273,25.0,40.0,https://indiahousenm.com
6087,San Francisco,"Fast Food,Japanese,Asian,Vegetarian Friendly,Vegan Options",-122.404063,37.791467,0.0,25.0,https://onigilly.com
6107,Miami,"Breakfast and Brunch,Vegan",-80.13724599999999,25.933695999999998,0.0,0.0,https://www.vegetarianrestaurantbyhakin.net/
6109,Beverly Hills,"Ice Cream and Desserts,Breakfast and Brunch,Coffee and Tea,Vegan,Vegetarian",-118.398955,34.06281,25.0,40.0,https://www.urthcaffe.com
6250,Diamond Bar,"Indian Restaurants,Caterers,Restaurants,Indian,Indian, Vegan",-117.81031000000002,34.01959,0.0,30.0,https://www.dilliwalaindiankitchen.com
6263,Berkeley,"Italian,Pizza,Vegetarian",-122.28458,37.870026,0.0,0.0,https://www.fellinirestaurant.net
6307,Champaign,"Mexican Restaurants,Latin American Restaurants,American Restaurants,Vegetarian Restaurants,Seafood Restaurants,Vegan Restaurants,Bar and Grills,Restaurants,Mexican,American,Latin American,Seafood,Healthy,Vegetarian,Vegan",-88.2447,40.099605,0.0,25.0,https://www.cactusgrillchampaign.com
6314,Evanston,"Thai,Thai Restaurants,Japanese,Asian,Sushi,Vegetarian Friendly,Vegan Options",-87.677839,42.033935,0.0,25.0,https://siamparagonevanston.com
6420,Astoria,"Middle Eastern,Sandwiches,Vegetarian",-73.914467,40.764755,25.0,40.0,
6437,Los Angeles,"Hamburgers,Vegetarian",-118.36114099999999,34.079057,25.0,40.0,https://thegoldenstatecafe.com
6443,South Richmond Hill,"Indian,Vegetarian",-73.830495,40.688679,0.0,0.0,
6449,Wellesley Hills,"Vegetarian,Thai",-71.27389699999999,42.313014,25.0,40.0,https://www.coconut-cafe.com
6546,Charlotte,"American Restaurants,Caterers,Coffee Shops,Vegetarian Restaurants,Vegan Restaurants,Breakfast Brunch and Lunch Restaurants,,Restaurants,American,Cafeterias,Breakfast,Brunch and Lunch,Healthy,Vegetarian,Vegan",-80.811749,35.220338,25.0,40.0,https://www.zadajanes.com
6563,Penfield,"Vegetarian,Chinese,Thai",-77.474122,43.130472,0.0,0.0,
6628,Los Angeles,"Vegetarian,Indian",-118.346774,34.083484000000006,0.0,30.0,https://api.citygridmedia.com/content/places/v2/click?q=9YKflVKbY9NauPJdMy0B1gS1IhB4xv4EWw0zDoT-UWc_izWF3zs5PKGdfOHubWrvM0QwDCYwbOH2fdLi0dK5xArULcksCCbfR-WWAz9xD1AmGVAQZIom4U3n5R4DuRC8WJCtvJcNItEKoCSfzwapuGnmwGnHDpEGYXGjnN4u8zXqkiimSHFf4_dbqGRbVgNJz5Ccr3JHW5Ole8okeGVLfoNskrbnM4zDOJVf4OhgYJ0H3QjoRj9Vxyawv6MbuAQahmmyWf6JnkhIaifqel3tL3txT5zUeK-vH0apMeGnhhB3zEkULAqTiOcu7cjojGYjfzJpNPQP9lMd7A7fzUP5wmGEU7-cKRm5KdbKjyqF_VJXqBTWLWxmOkWJTUJy7VAJE1pDYLRgz4guvLfiWOR2_YosFnUkhUAnE_-v9LeHJLDbtPpBaM3YTI-RG6k9XExitkElVtON7Id5dUAbHHetStE4vQDK_6VEGqkGztLU0HuzGHlUBVE3cb3R9pXH06wp4q6Z6D44ri5FyZ2HblQRbWi5Uai1wNL-5z4-p0pfyTM&placement=listing_profile&cs_user=unknown&cs_session=0506d0475b13d4e4d075dfe359e2efadd3709e76
6663,Warren,"Mediterranean,Mediterranean Restaurants,Middle Eastern,Lebanese,Greek,Vegetarian Friendly,Vegan Options",-83.049498,42.506671000000004,25.0,40.0,https://www.oasiscuisine.com
6734,New York,"Health Food,Vegetarian,Hamburgers",-73.96889399999999,40.754282,0.0,0.0,
6762,Napa,"Vegetarian,Tapas / Small Plates",-122.28608799999999,38.300193,0.0,0.0,
6772,New York,"Vegetarian,Soups",-73.96969200000001,40.760149,0.0,0.0,https://originalsoupman.com/
6790,San Diego,"Greek,Vegetarian",-117.075748,33.017505,25.0,40.0,https://www.pegasuscafe1.com
6824,Berkeley,"Indian Restaurants,Middle Eastern Restaurants,Asian Restaurants,Vegetarian Restaurants,Vegan Restaurants,Restaurants,Asian,Indian,Healthy,Vegetarian,Middle Eastern,Vegan",-122.26895,37.876574,25.0,40.0,https://www.tasteofthehimalayas.com
6866,Charlotte,"Asian,Sushi,Japanese,Seafood,Vegetarian",-80.851772,35.197672,0.0,0.0,
6919,Redmond,"Indian,Vegetarian",-122.118117,47.673384999999996,0.0,0.0,
6923,Glendale,"Indian,Indian, Vegetarian, Bar / Lounge / Bottle Service",-118.254902,34.1446,25.0,40.0,https://www.indiasflavor.com/
6938,Bellerose,"Indian,Vegetarian",-73.72166,40.742408000000005,0.0,0.0,
6961,Astoria,"Mediterranean,Vegetarian",-73.924816,40.761586,0.0,0.0,
6994,Los Angeles,"American,Vegetarian Friendly,Vegan Options,Gluten Free Options,Breakfast and Brunch",-118.36613500000001,34.07205,0.0,0.0,https://fonuts.com/
7007,Overland Park,"Vegetarian,Indian",-94.700551,38.971233000000005,25.0,40.0,
7035,Tempe,"Middle Eastern and African,Mediterranean,Vegetarian,Lebanese",-111.926272,33.420085,0.0,0.0,https://www.cafeistanbulandmarket.com/
7072,Atlanta,"American,Vegetarian",-84.416542,33.738157,0.0,0.0,https://www.vegetariantimes.com/
7077,Santa Clara,"Vegan,Take Out Restaurants",-121.94561499999999,37.325845,0.0,0.0,https://lovinghut.us
7101,Nashville,Vegetarian Restaurants,-86.640569,36.254558,0.0,0.0,https://www.theveggiecafe.com/
7118,Carson,"Chain Restaurant,American , Fast Food , Health , Organic , Smoothies , Traditional , Vegan , Vegetarian , Specialties",-118.26051799999999,33.844145000000005,0.0,0.0,https://www.jambajuice.com/
7138,Raleigh,"Italian, Vegetarian,Italian",-78.64420600000001,35.838587,0.0,30.0,https://www.vivaceraleigh.com/
7198,Waltham,"Italian,Vegetarian",-71.23713199999999,42.369996,0.0,0.0,
7199,Seattle,"Breakfast and Brunch,Vegan",-122.319829,47.675643,25.0,40.0,https://waywardvegancafe.com
7249,Asbury Park,"Southern / Soul,Vegetarian,Breakfast and Brunch,Vegan,American Restaurants,Caterers,Restaurants",-74.01176,40.2168,25.0,40.0,https://www.atthetablenj.com
7291,Cambridge,"Vegan Restaurants,Caterers,Bakeries,Continental Restaurants,Breakfast Brunch and Lunch Restaurants,,Vegetarian Restaurants,Restaurants,Breakfast,Brunch and Lunch,European,Healthy,Vegetarian,Vegan,Continental",-71.10127,42.36234,25.0,40.0,https://www.veggiegalaxy.com
7315,Tahoe City,"American,Ice Cream and Desserts,Vegetarian,Vegan",-120.14573899999999,39.159286,0.0,0.0,https://www.uncommonkitchen.org/
7357,Miami,Vegetarian,-80.243973,25.728379999999998,25.0,40.0,https://www.lastcarrot.com
7429,Portland,"Southern,Vegetarian",-122.626277,45.516232,0.0,0.0,https://api.citygridmedia.com/content/places/v2/click?q=9YKflVKbY9NauPJdMy0B1gS1IhB4xv4EWw0zDoT-UWc_izWF3zs5PKGdfOHubWrvM0QwDCYwbOH2fdLi0dK5xArULcksCCbfR-WWAz9xD1AmGVAQZIom4U3n5R4DuRC8WJCtvJcNItEKoCSfzwapuGnmwGnHDpEGYXGjnN4u8zXqkiimSHFf4_dbqGRbVgNJ0aEpj_pqn5PjP-tWUE4d-cBOmNCQ3lMeLpJoqhzicZeh7yo5suMGc7Gzxa7OkwHbQiUdveIDCFjiK3B_DiibEL_MCs9Dd1TUcmnptsXxSufn5wRpCELFOqeWJ0tpPe6QcF8oPx0LmhR9rgsWYq-3hs1O3edRtRo7Cm8ZD3yNYWJg0bdNvrDTiv7FRIuoT3i60eTyU7jemGm0T1ZjWO3NU7ksmdcGfmiMXNl4thQHVTlCWNJGkxYrq_zbeHABcA797MNC3QvEJUjw3V1GsjC4ql-mQdG-YwKgKekLMtMkWFGPnbwNq2LpgWoboLHhPfeUnqGGBBb8j9y9I3pdNhQCm1V_9LejSm7CyUSp3yBYlw-nega3FtaPLw&placement=listing_profile&cs_user=unknown&cs_session=b3cac3ebd0b146970ca22a96cdbd94f7527af87d
7437,Dallas,"Mexican,Seafood,Vegetarian,Southwestern",-96.797713,32.998484999999995,0.0,0.0,https://berryhillbajagrill.com/
7459,San Jose,"Ethiopian,Vegetarian",-121.922151,37.339938000000004,0.0,0.0,
7466,Chicago,"Traditional American,Vegetarian",-87.675732,41.903442,0.0,0.0,
7485,Seattle,"Mediterranean,Vegetarian",-122.354996,47.682262,0.0,0.0,https://www.carmelita.net/
7505,Tucson,"Vegetarian,Chinese,Chinese Restaurants",-110.923404,32.235779,0.0,0.0,https://www.guilintucson.net
7541,Neenah,"Traditional American,American,Soups,Vegetarian Friendly,Vegan Options,Gluten Free Options",-88.462336,44.154652,0.0,25.0,https://zuppas.com
7588,Arlington,"Mediterranean Restaurants,Greek Restaurants,Restaurants,Greek,Fast Food,Mediterranean,Vegetarian Friendly,Vegan Options",-77.051507,38.858191999999995,0.0,25.0,https://www.theperfectpita.com
7620,Miami,"Traditional American,Seafood,Vegetarian,Hamburgers",-80.243931,25.726881,25.0,40.0,https://www.luluinthegrove.com
7755,Los Angeles,"Vegetarian,Breakfast and Brunch,Vegetarian Friendly,Juices",-118.367558,34.083686,25.0,40.0,https://liquidjuicebar.com
7779,Minneapolis,Vegetarian Restaurants,-93.263373,45.001165,0.0,0.0,https://www.ertedining.com
7789,Kew Gardens,"Indian,Vegetarian",-73.829399,40.709088,0.0,0.0,
7801,Cary,"Vegetarian,Mediterranean",-78.737999,35.761165999999996,0.0,0.0,https://www.greekfiesta.com
7814,Philadelphia,"Coffee Shops,Delicatessens,Coffee and Espresso Restaurants,Vegan Restaurants,Restaurants,Vegetarian,Coffee and Tea,Vegan",-75.151957,39.929111,25.0,40.0,https://www.grindcorehouse.com
7853,Flushing,"Eastern European,Kosher,Vegetarian",-73.821841,40.726279,0.0,0.0,
7929,Kƒ´hei,"Thai,Southeast Asian,Asian,Vegetarian",-156.452451,20.734835,0.0,0.0,https://www.thailandcuisinemaui.net/
7955,Jackson Heights,"Vegetarian,Indian,Desserts",-73.892875,40.748847,0.0,25.0,https://rajbhog.com
8040,Woodside,"American,Vegetarian",-73.912526,40.744415999999994,25.0,40.0,https://cafe52woodside.com
8060,Houston,"Asian/Pacific,Health Food,Vegetarian,Chinese",-95.555054,29.704541,0.0,0.0,httpss://www.facebook.com/Juice-Box-191386806421/
8134,New York,"Vegetarian,Breakfast and Brunch",-73.991848,40.759434000000006,0.0,25.0,httpss://www.facebook.com/blossomdujour
8187,Minnetonka,"Traditional American,Health Food,Vegetarian",-93.4708,44.9375,0.0,0.0,https://www.themarsh.com
8252,Flushing,"Indian,Vegetarian,Take Out Restaurants",-73.81675899999999,40.752542,25.0,40.0,https://www.dosahutt.com
8274,Chicago,"Italian,American,Bar,Vegetarian Friendly,Gluten Free Options,Vegan Options",-87.630268,41.889212,40.0,55.0,https://www.sienatavern.com
8447,Olympia,Vegetarian,-122.89783200000001,47.045206,0.0,25.0,https://www.levoyeur.netfirms.com
8472,Pittsburgh,"American,Vegetarian Friendly,Gluten Free Options,Vegan Options",-80.002382,40.442822,25.0,40.0,https://www.sixpennkitchen.com
8689,Seattle,"American,Breakfast and Brunch,Cafe,Contemporary American, Vegetarian / Vegan, Global, International",-122.3073,47.62441,25.0,40.0,https://aneighborhoodcafe.com
8788,San Jose,"Persian,Vegetarian Restaurants",-121.89801000000001,37.257359,0.0,0.0,https://www.sjziba.com/
8800,Miami Beach,"Vegetarian,Breakfast and Brunch",-80.13221,25.785057000000002,25.0,40.0,https://juiceandjava-hub.com
8912,Key West,Vegetarian,-81.80175,24.55486,25.0,40.0,https://thecafekw.com
8948,Salt Lake City,"Middle Eastern,Lebanese,Mediterranean,Vegetarian Friendly,Vegan Options,Gluten Free Options",-111.8649,40.7496,0.0,25.0,https://www.mazzacafe.com
9038,Phoenix,"Vegetarian,Indian",-112.151106,33.63917,0.0,0.0,
9050,Portland,"New American,Traditional American,American,Vegetarian Friendly,Gluten Free Options,Vegan Options,Northwest, American",-122.6783,45.5211,25.0,40.0,https://www.imperialpdx.com
9358,Rancho Santa Fe,"French,Vegetarian,French, Continental, American",-117.203704,33.019395,31.0,50.0,https://www.millefleurs.com
9380,San Diego,"Vegetarian,Breakfast and Brunch",-117.205,32.74943,25.0,40.0,https://thenakedcafe.com
9390,New York,"Salads,Vegetarian",-73.993617,40.731107,0.0,0.0,https://justsalad.com
9413,Manistee,"Pizza,Restaurants,Italian,Vegetarian Friendly",-86.31023,44.26559,0.0,25.0,https://www.bigalspizza.net
9437,Charlotte,"New American,Vegetarian,Italian",-80.8265,35.2138,40.0,55.0,https://www.customshopfood.com
9599,New York,"American,Italian,Healthy,Vegetarian",-73.979965,40.780322999999996,40.0,55.0,https://cescanyc.com
9683,New York,"Salads,Vegetarian",-73.981746,40.777514000000004,0.0,0.0,
9705,New York,"Salads,Vegetarian",-73.978701,40.758761,0.0,0.0,https://www.tossed.com/
9730,Jamaica,"Indian,Vegetarian",-73.794013,40.710358,0.0,0.0,https://www.sagarfood.com
9756,Carrboro,"Traditional American,Vegetarian",-79.0723,35.9111,0.0,0.0,https://weaverstreetmarket.coop
9774,New York,"Salads,Vegetarian",-73.956663,40.766884000000005,0.0,0.0,
9798,Skowhegan,"Health Food Restaurants,Delicatessens,Sandwich Shops,Vegetarian Restaurants,Vegan Restaurants,Restaurants,Take Out Restaurants",-69.72134,44.76893,0.0,0.0,https://www.kelmatcafe.com
9806,Reno,"Asian,Sushi,Japanese,Vegetarian,Steakhouse",-119.8143,39.5306,40.0,55.0,https://www.ichibanreno.com
9812,Flushing,"Chinese,Vegetarian",-73.82249399999999,40.754073999999996,0.0,0.0,
9830,Walnut Creek,"Asian,Thai,Vegetarian Friendly,Asian/Pacific,Fusion",-122.0625,37.897304999999996,0.0,0.0,https://www.kachathai.com/
9833,New York,"Salads,Vegetarian",-73.987143,40.761909,0.0,0.0,https://justsalad.com
9852,Santa Rosa Beach,"American,Seafood,Wine Bar,Vegetarian Friendly,Vegan Options,Gluten Free Options,Breakfast and Brunch,Bar,Soups",-86.254196,30.354066999999997,0.0,0.0,https://www.stinkysfishcamp.com/
9855,Austin,"American,Vegan,Gluten Free",-97.74136999999999,30.29768,25.0,40.0,https://wildwoodbakehouse.com
9943,Phoenix,"Mediterranean,Vegetarian,Persian,Middle Eastern",-112.09064,33.48048,40.0,55.0,https://persiangardencafe.com
